MAE,RMSE,R2,MedAE
2.4630141139030455,3.8139161581277357,-0.13543275594711304,1.450162649154663
