MAE,RMSE,R2,MedAE,Inf_Time,Train_Time
2.4042062878608705,3.740205541404046,-0.4442653477191925,1.301636815071106,8.635010038103377e-05,0.3525419235229492
