MAE,RMSE,R2,MedAE,Model
2.588097560405731,3.9237511241600687,-0.21865542531013488,1.4573818445205688,Temporal Transformer
