MAE,RMSE,R2,MedAE,Train_Time,Inf_Time,Model
2.595899733233226,3.5845713119919,-0.740232518346406,1.7241899875217261,0.0031400203704833986,2.1971975054059713e-05,ridge
2.399529867321726,3.5685061847489536,-0.7331857197951093,1.4982883981422144,1.2890991687774658,0.0001847658838544573,xgboost
3.05617639879936,4.282458922434929,-1.7552837642974968,1.9328406437913295,1.5389528751373291,0.0001573852130344936,mlp
