MAE,RMSE,R2,MedAE,Train_Time,Inf_Time,Model
2.5951418775913835,3.5837411478898864,-0.7395967711124392,1.72322355851144,0.003104853630065918,2.0531245640345985e-05,ridge
2.4227822145223614,3.598602803842848,-0.8131696496345107,1.5534392016110599,1.9356457710266113,9.394202913556781e-05,xgboost
2.8888716641807366,4.330640635430081,-1.3013731140006666,1.57403002042184,1.2613608360290527,5.30311039515904e-05,mlp
